Timestamp,Operation,Operand_A,Operand_B,Result
2025-06-24 15:47:27,Add,1.0,1.0,2.0
2025-06-24 15:49:57,Add,1.0,1.0,2.0
2025-06-24 15:53:25,Add,1.0,1.0,2.0
2025-06-24 15:55:59,Add,10.0,5.0,15.0
2025-06-24 15:55:59,Subtract,20.0,8.0,12.0
2025-06-24 15:55:59,Multiply,4.0,5.0,20.0
2025-06-24 15:55:59,Divide,100.0,4.0,25.0
2025-06-24 15:55:59,Add,10.0,5.0,15.0
2025-06-24 15:55:59,Subtract,15.0,3.0,12.0
2025-06-24 15:55:59,Add,10.0,5.0,15.0
2025-06-24 15:55:59,Multiply,6.0,7.0,42.0
2025-06-24 15:55:59,Divide,10.0,3.0,3.3333333333333335
2025-06-24 15:57:08,Add,10.0,5.0,15.0
2025-06-24 15:57:08,Subtract,20.0,8.0,12.0
2025-06-24 15:57:08,Multiply,4.0,5.0,20.0
2025-06-24 15:57:09,Divide,100.0,4.0,25.0
2025-06-24 15:57:09,Add,10.0,5.0,15.0
2025-06-24 15:57:09,Subtract,15.0,3.0,12.0
2025-06-24 15:57:09,Add,10.0,5.0,15.0
2025-06-24 15:57:09,Multiply,6.0,7.0,42.0
2025-06-24 15:57:09,Divide,10.0,3.0,3.3333333333333335
2025-06-24 15:58:48,Add,10.0,5.0,15.0
2025-06-24 15:58:48,Subtract,20.0,8.0,12.0
2025-06-24 15:58:48,Multiply,4.0,5.0,20.0
2025-06-24 15:58:48,Divide,100.0,4.0,25.0
2025-06-24 15:58:48,Add,10.0,5.0,15.0
2025-06-24 15:58:48,Subtract,15.0,3.0,12.0
2025-06-24 15:58:48,Add,10.0,5.0,15.0
2025-06-24 15:58:48,Multiply,6.0,7.0,42.0
2025-06-24 15:58:48,Divide,10.0,3.0,3.3333333333333335
2025-06-24 15:59:57,Add,10.0,5.0,15.0
2025-06-24 15:59:57,Subtract,20.0,8.0,12.0
2025-06-24 15:59:57,Multiply,4.0,5.0,20.0
2025-06-24 15:59:57,Divide,100.0,4.0,25.0
2025-06-24 15:59:58,Add,10.0,5.0,15.0
2025-06-24 15:59:58,Subtract,15.0,3.0,12.0
2025-06-24 15:59:58,Add,10.0,5.0,15.0
2025-06-24 15:59:58,Multiply,6.0,7.0,42.0
2025-06-24 15:59:58,Divide,10.0,3.0,3.3333333333333335
2025-06-24 16:01:06,Add,10.0,5.0,15.0
2025-06-24 16:01:06,Subtract,20.0,8.0,12.0
2025-06-24 16:01:06,Multiply,4.0,5.0,20.0
2025-06-24 16:01:06,Divide,100.0,4.0,25.0
2025-06-24 16:01:06,Add,10.0,5.0,15.0
2025-06-24 16:01:06,Subtract,15.0,3.0,12.0
2025-06-24 16:01:06,Add,10.0,5.0,15.0
2025-06-24 16:01:06,Multiply,6.0,7.0,42.0
2025-06-24 16:01:06,Divide,10.0,3.0,3.3333333333333335
2025-06-24 16:02:18,Add,10.0,5.0,15.0
2025-06-24 16:02:18,Subtract,20.0,8.0,12.0
2025-06-24 16:02:18,Multiply,4.0,5.0,20.0
2025-06-24 16:02:18,Divide,100.0,4.0,25.0
2025-06-24 16:02:18,Add,10.0,5.0,15.0
2025-06-24 16:02:18,Subtract,15.0,3.0,12.0
2025-06-24 16:02:18,Add,10.0,5.0,15.0
2025-06-24 16:02:18,Multiply,6.0,7.0,42.0
2025-06-24 16:02:18,Divide,10.0,3.0,3.3333333333333335
2025-06-24 16:10:12,Add,10.0,5.0,15.0
2025-06-24 16:10:12,Subtract,20.0,8.0,12.0
2025-06-24 16:10:12,Multiply,4.0,5.0,20.0
2025-06-24 16:10:12,Divide,100.0,4.0,25.0
2025-06-24 16:10:12,Add,10.0,5.0,15.0
2025-06-24 16:10:12,Subtract,15.0,3.0,12.0
2025-06-24 16:10:12,Add,10.0,5.0,15.0
2025-06-24 16:10:12,Multiply,6.0,7.0,42.0
2025-06-24 16:10:12,Divide,10.0,3.0,3.3333333333333335
2025-06-24 16:10:46,Add,10.0,5.0,15.0
2025-06-24 16:10:46,Subtract,20.0,8.0,12.0
2025-06-24 16:10:46,Multiply,4.0,5.0,20.0
2025-06-24 16:10:46,Divide,100.0,4.0,25.0
2025-06-24 16:10:46,Add,10.0,5.0,15.0
2025-06-24 16:10:46,Subtract,15.0,3.0,12.0
2025-06-24 16:10:46,Add,10.0,5.0,15.0
2025-06-24 16:10:46,Multiply,6.0,7.0,42.0
2025-06-24 16:10:46,Divide,10.0,3.0,3.3333333333333335
2025-06-24 16:14:40,Add,10.0,5.0,15.0
2025-06-24 16:14:40,Subtract,20.0,8.0,12.0
2025-06-24 16:14:40,Multiply,4.0,5.0,20.0
2025-06-24 16:14:40,Divide,100.0,4.0,25.0
2025-06-24 16:14:40,Add,10.0,5.0,15.0
2025-06-24 16:14:40,Subtract,15.0,3.0,12.0
2025-06-24 16:14:40,Add,10.0,5.0,15.0
2025-06-24 16:14:40,Multiply,6.0,7.0,42.0
2025-06-24 16:14:40,Divide,10.0,3.0,3.3333333333333335
2025-06-24 16:17:40,Add,10.0,5.0,15.0
2025-06-24 16:17:40,Add,10.0,5.0,15.0
2025-06-24 16:17:40,Multiply,6.0,7.0,42.0
2025-06-24 16:17:40,Divide,10.0,3.0,3.3333333333333335
2025-06-24 16:19:24,Add,10.0,5.0,15.0
2025-06-24 16:19:24,Multiply,6.0,7.0,42.0
2025-06-24 16:19:24,Divide,10.0,3.0,3.3333333333333335
2025-06-24 16:20:59,Add,10.0,5.0,15.0
2025-06-24 16:20:59,Multiply,6.0,7.0,42.0
2025-06-24 16:20:59,Divide,10.0,3.0,3.3333333333333335
2025-06-24 16:22:26,Add,10.0,5.0,15.0
2025-06-24 16:22:26,Add,10.0,5.0,15.0
2025-06-24 16:22:26,Multiply,6.0,7.0,42.0
2025-06-24 16:22:26,Divide,10.0,3.0,3.3333333333333335
2025-06-24 16:23:13,Add,10.0,5.0,15.0
2025-06-24 16:23:13,Add,10.0,5.0,15.0
2025-06-24 16:23:13,Multiply,6.0,7.0,42.0
2025-06-24 16:23:13,Divide,10.0,3.0,3.3333333333333335
2025-06-24 16:25:54,Add,10.0,5.0,15.0
2025-06-24 16:25:54,Add,10.0,5.0,15.0
2025-06-24 16:25:54,Multiply,6.0,7.0,42.0
2025-06-24 16:25:54,Divide,10.0,3.0,3.3333333333333335
2025-06-24 16:28:58,Add,10.0,5.0,15.0
2025-06-24 16:28:58,Add,10.0,5.0,15.0
2025-06-24 16:28:58,Multiply,6.0,7.0,42.0
2025-06-24 16:28:58,Divide,10.0,3.0,3.3333333333333335
2025-06-24 16:29:45,Add,10.0,5.0,15.0
2025-06-24 16:29:46,Multiply,6.0,7.0,42.0
2025-06-24 16:29:46,Divide,10.0,3.0,3.3333333333333335
2025-06-24 16:32:52,Add,10.0,5.0,15.0
2025-06-24 16:32:52,Add,10.0,5.0,15.0
2025-06-24 16:32:52,Multiply,6.0,7.0,42.0
2025-06-24 16:32:52,Divide,10.0,3.0,3.3333333333333335
2025-06-24 16:36:52,Add,10.0,5.0,15.0
2025-06-24 16:36:52,Add,10.0,5.0,15.0
2025-06-24 16:36:52,Multiply,6.0,7.0,42.0
2025-06-24 16:36:52,Divide,10.0,3.0,3.3333333333333335
2025-06-24 16:38:52,Add,10.0,5.0,15.0
2025-06-24 16:38:52,Add,10.0,5.0,15.0
2025-06-24 16:38:52,Multiply,6.0,7.0,42.0
2025-06-24 16:38:52,Divide,10.0,3.0,3.3333333333333335
2025-06-24 16:46:40,Add,10.0,5.0,15.0
2025-06-24 16:46:40,Add,10.0,5.0,15.0
2025-06-24 16:46:40,Multiply,6.0,7.0,42.0
2025-06-24 16:46:40,Divide,10.0,3.0,3.3333333333333335
2025-06-24 16:46:52,Add,10.0,5.0,15.0
2025-06-24 16:46:52,Add,10.0,5.0,15.0
2025-06-24 16:46:52,Multiply,6.0,7.0,42.0
2025-06-24 16:46:52,Divide,10.0,3.0,3.3333333333333335
2025-06-24 16:47:18,Add,10.0,5.0,15.0
2025-06-24 16:47:18,Add,10.0,5.0,15.0
2025-06-24 16:47:18,Multiply,6.0,7.0,42.0
2025-06-24 16:47:18,Divide,10.0,3.0,3.3333333333333335
2025-06-24 16:47:48,Add,10.0,5.0,15.0
2025-06-24 16:47:48,Add,10.0,5.0,15.0
2025-06-24 16:47:48,Multiply,6.0,7.0,42.0
2025-06-24 16:47:48,Divide,10.0,3.0,3.3333333333333335
2025-06-24 16:48:29,Add,10.0,5.0,15.0
2025-06-24 16:48:29,Add,10.0,5.0,15.0
2025-06-24 16:48:29,Multiply,6.0,7.0,42.0
2025-06-24 16:48:29,Divide,10.0,3.0,3.3333333333333335
2025-06-24 16:50:25,Add,10.0,5.0,15.0
2025-06-24 16:50:25,Add,10.0,5.0,15.0
2025-06-24 16:50:25,Multiply,6.0,7.0,42.0
2025-06-24 16:50:25,Divide,10.0,3.0,3.3333333333333335
